Number,FO,FI,FC,RC,RI,RO,MaxDimmer
1,CCCATGTTTTCAGCATTATCAGAA,GTCCCCCCACTGTGTTTAGCATTTTACCCCACAAGATTTAAACACC,GTCCCCCCACTGTGTTTAGCA,CCTGTTGCACCAGGCCAGAT,CCTGTTGCACCAGGCCAGATTTTTCTGCTATGTCACTTCCCCTTG,TCCTGAAGGGTACTGGTAGT,5.656809493
2,CCCATGTTTTCAGCATTATCAGAA,GTCCCCCCACTGTGTTTAGCATTTTACCCCACAAGATTTAAACACC,GTCCCCCCACTGTGTTTAGCA,CCTGTTGCACCAGGCCAGAT,CCTGTTGCACCAGGCCAGATTTTTCTGCTATGTCACTTCCCCTTG,TTCCTGAAGGGTACTGGTAGT,5.656809493
3,CCCATGTTTTCAGCATTATCAGAA,GTCCCCCCACTGTGTTTAGCATTTTACCCCACAAGATTTAAACACC,GTCCCCCCACTGTGTTTAGCA,CCTGTTGCACCAGGCCAGAT,CCTGTTGCACCAGGCCAGATTTTTCTGCTATGTCACTTCCCCTTG,GTTCCTGAAGGGTACTGGTAG,5.656809493
4,CCCATGTTTTCAGCATTATCAGAA,GTCCCCCCACTGTGTTTAGCATTTTACCCCACAAGATTTAAACACC,GTCCCCCCACTGTGTTTAGCA,CCTGTTGCACCAGGCCAGAT,CCTGTTGCACCAGGCCAGATTTTTCTGCTATGTCACTTCCCCTTG,TGTTCCTGAAGGGTACTGGTA,5.656809493
5,CCCATGTTTTCAGCATTATCAGAA,GTCCCCCCACTGTGTTTAGCATTTTACCCCACAAGATTTAAACACC,GTCCCCCCACTGTGTTTAGCA,CCTGTTGCACCAGGCCAGAT,CCTGTTGCACCAGGCCAGATTTTTCTGCTATGTCACTTCCCCTTG,TGTTCCTGAAGGGTACTGGT,5.656809493
6,CCCATGTTTTCAGCATTATCAGAA,GTCCCCCCACTGTGTTTAGCATTTTACCCCACAAGATTTAAACACC,GTCCCCCCACTGTGTTTAGCA,CCTGTTGCACCAGGCCAGAT,CCTGTTGCACCAGGCCAGATTTTTCTGCTATGTCACTTCCCCTTG,CATCCTATTTGTTCCTGAAGGGTA,5.656809493
7,CCCATGTTTTCAGCATTATCAGAA,GTCCCCCCACTGTGTTTAGCATTTTACCCCACAAGATTTAAACACC,GTCCCCCCACTGTGTTTAGCA,CCTGTTGCACCAGGCCAGAT,CCTGTTGCACCAGGCCAGATTTTTCTGCTATGTCACTTCCCCTTG,CATCCTATTTGTTCCTGAAGGGT,5.656809493
8,CCCATGTTTTCAGCATTATCAGAA,GTCCCCCCACTGTGTTTAGCATTTTACCCCACAAGATTTAAACACC,GTCCCCCCACTGTGTTTAGCA,CCTGTTGCACCAGGCCAGAT,CCTGTTGCACCAGGCCAGATTTTTCTGCTATGTCACTTCCCCTTG,CCATCCTATTTGTTCCTGAAGGG,5.656809493
9,CCCATGTTTTCAGCATTATCAGAA,GTCCCCCCACTGTGTTTAGCATTTTACCCCACAAGATTTAAACACC,GTCCCCCCACTGTGTTTAGCA,CCTGTTGCACCAGGCCAGAT,CCTGTTGCACCAGGCCAGATTTTTCTGCTATGTCACTTCCCCTTG,TCCATCCTATTTGTTCCTGAAGGG,5.656809493
10,CCCATGTTTTCAGCATTATCAGAA,GTCCCCCCACTGTGTTTAGCATTTTACCCCACAAGATTTAAACACC,GTCCCCCCACTGTGTTTAGCA,CCTGTTGCACCAGGCCAGAT,CCTGTTGCACCAGGCCAGATTTTTCTGCTATGTCACTTCCCCTTG,CATCCATCCTATTTGTTCCTGAAG,5.656809493
11,CCCATGTTTTCAGCATTATCAGAA,GTCCCCCCACTGTGTTTAGCATTTTACCCCACAAGATTTAAACACC,GTCCCCCCACTGTGTTTAGCA,CCTGTTGCACCAGGCCAGAT,CCTGTTGCACCAGGCCAGATTTTTCTGCTATGTCACTTCCCCTTG,TCATCCATCCTATTTGTTCCTGAA,5.656809493
12,CCCATGTTTTCAGCATTATCAGAA,GTCCCCCCACTGTGTTTAGCATTTTACCCCACAAGATTTAAACACC,GTCCCCCCACTGTGTTTAGCA,CCTGTTGCACCAGGCCAGAT,CCTGTTGCACCAGGCCAGATTTTTCTGCTATGTCACTTCCCCTTG,TTGTCATCCATCCTATTTGTTCCT,5.656809493
13,CCCATGTTTTCAGCATTATCAGAA,GTCCCCCCACTGTGTTTAGCATTTTACCCCACAAGATTTAAACACC,GTCCCCCCACTGTGTTTAGCA,CCTGTTGCACCAGGCCAGAT,CCTGTTGCACCAGGCCAGATTTTTCTGCTATGTCACTTCCCCTTG,CTTGTCATCCATCCTATTTGTTCC,5.656809493
14,CCCATGTTTTCAGCATTATCAGAA,GTCCCCCCACTGTGTTTAGCATTTTACCCCACAAGATTTAAACACC,GTCCCCCCACTGTGTTTAGCA,CCTGTTGCACCAGGCCAGAT,CCTGTTGCACCAGGCCAGATTTTTCTGCTATGTCACTTCCCCTTG,AGGTGGATTACTTGTCATCCA,5.656809493
15,CCCATGTTTTCAGCATTATCAGAA,GTCCCCCCACTGTGTTTAGCATTTTACCCCACAAGATTTAAACACC,GTCCCCCCACTGTGTTTAGCA,CCTGTTGCACCAGGCCAGAT,CCTGTTGCACCAGGCCAGATTTTTCTGCTATGTCACTTCCCCTTG,TAGGTGGATTACTTGTCATCCA,5.656809493
16,CCCATGTTTTCAGCATTATCAGAA,GTCCCCCCACTGTGTTTAGCATTTTACCCCACAAGATTTAAACACC,GTCCCCCCACTGTGTTTAGCA,CCTGTTGCACCAGGCCAGAT,CCTGTTGCACCAGGCCAGATTTTTCTGCTATGTCACTTCCCCTTG,GGGATAGGTGGATTACTTGTCA,5.656809493
17,CCCATGTTTTCAGCATTATCAGAA,GTCCCCCCACTGTGTTTAGCATTTTACCCCACAAGATTTAAACACC,GTCCCCCCACTGTGTTTAGCA,CCTGTTGCACCAGGCCAGAT,CCTGTTGCACCAGGCCAGATTTTTCTGCTATGTCACTTCCCCTTG,TGGGATAGGTGGATTACTTGTC,5.656809493
18,CCCATGTTTTCAGCATTATCAGAA,GTCCCCCCACTGTGTTTAGCATTTTACCCCACAAGATTTAAACACC,GTCCCCCCACTGTGTTTAGCA,CCTGTTGCACCAGGCCAGAT,CCTGTTGCACCAGGCCAGATTTTTCTGCTATGTCACTTCCCCTTG,CTGGGATAGGTGGATTACTTGTC,5.656809493
19,CCCATGTTTTCAGCATTATCAGAA,GTCCCCCCACTGTGTTTAGCATTTTACCCCACAAGATTTAAACACC,GTCCCCCCACTGTGTTTAGCA,CCTGTTGCACCAGGCCAGAT,CCTGTTGCACCAGGCCAGATTTTTCTGCTATGTCACTTCCCCTTG,CTGGGATAGGTGGATTACTTGT,5.656809493
20,CCCATGTTTTCAGCATTATCAGAA,GTCCCCCCACTGTGTTTAGCATTTTACCCCACAAGATTTAAACACC,GTCCCCCCACTGTGTTTAGCA,CCTGTTGCACCAGGCCAGAT,CCTGTTGCACCAGGCCAGATTTTTCTGCTATGTCACTTCCCCTT,TCCTGAAGGGTACTGGTAGT,5.656809493
21,CCCATGTTTTCAGCATTATCAGAA,GTCCCCCCACTGTGTTTAGCATTTTACCCCACAAGATTTAAACACC,GTCCCCCCACTGTGTTTAGCA,CCTGTTGCACCAGGCCAGAT,CCTGTTGCACCAGGCCAGATTTTTCTGCTATGTCACTTCCCCTT,TTCCTGAAGGGTACTGGTAGT,5.656809493
22,CCCATGTTTTCAGCATTATCAGAA,GTCCCCCCACTGTGTTTAGCATTTTACCCCACAAGATTTAAACACC,GTCCCCCCACTGTGTTTAGCA,CCTGTTGCACCAGGCCAGAT,CCTGTTGCACCAGGCCAGATTTTTCTGCTATGTCACTTCCCCTT,GTTCCTGAAGGGTACTGGTAG,5.656809493
23,CCCATGTTTTCAGCATTATCAGAA,GTCCCCCCACTGTGTTTAGCATTTTACCCCACAAGATTTAAACACC,GTCCCCCCACTGTGTTTAGCA,CCTGTTGCACCAGGCCAGAT,CCTGTTGCACCAGGCCAGATTTTTCTGCTATGTCACTTCCCCTT,TGTTCCTGAAGGGTACTGGTA,5.656809493
24,CCCATGTTTTCAGCATTATCAGAA,GTCCCCCCACTGTGTTTAGCATTTTACCCCACAAGATTTAAACACC,GTCCCCCCACTGTGTTTAGCA,CCTGTTGCACCAGGCCAGAT,CCTGTTGCACCAGGCCAGATTTTTCTGCTATGTCACTTCCCCTT,TGTTCCTGAAGGGTACTGGT,5.656809493
25,CCCATGTTTTCAGCATTATCAGAA,GTCCCCCCACTGTGTTTAGCATTTTACCCCACAAGATTTAAACACC,GTCCCCCCACTGTGTTTAGCA,CCTGTTGCACCAGGCCAGAT,CCTGTTGCACCAGGCCAGATTTTTCTGCTATGTCACTTCCCCTT,CATCCTATTTGTTCCTGAAGGGTA,5.656809493
26,CCCATGTTTTCAGCATTATCAGAA,GTCCCCCCACTGTGTTTAGCATTTTACCCCACAAGATTTAAACACC,GTCCCCCCACTGTGTTTAGCA,CCTGTTGCACCAGGCCAGAT,CCTGTTGCACCAGGCCAGATTTTTCTGCTATGTCACTTCCCCTT,CATCCTATTTGTTCCTGAAGGGT,5.656809493
27,CCCATGTTTTCAGCATTATCAGAA,GTCCCCCCACTGTGTTTAGCATTTTACCCCACAAGATTTAAACACC,GTCCCCCCACTGTGTTTAGCA,CCTGTTGCACCAGGCCAGAT,CCTGTTGCACCAGGCCAGATTTTTCTGCTATGTCACTTCCCCTT,CCATCCTATTTGTTCCTGAAGGG,5.656809493
28,CCCATGTTTTCAGCATTATCAGAA,GTCCCCCCACTGTGTTTAGCATTTTACCCCACAAGATTTAAACACC,GTCCCCCCACTGTGTTTAGCA,CCTGTTGCACCAGGCCAGAT,CCTGTTGCACCAGGCCAGATTTTTCTGCTATGTCACTTCCCCTT,TCCATCCTATTTGTTCCTGAAGGG,5.656809493
29,CCCATGTTTTCAGCATTATCAGAA,GTCCCCCCACTGTGTTTAGCATTTTACCCCACAAGATTTAAACACC,GTCCCCCCACTGTGTTTAGCA,CCTGTTGCACCAGGCCAGAT,CCTGTTGCACCAGGCCAGATTTTTCTGCTATGTCACTTCCCCTT,CATCCATCCTATTTGTTCCTGAAG,5.656809493
30,CCCATGTTTTCAGCATTATCAGAA,GTCCCCCCACTGTGTTTAGCATTTTACCCCACAAGATTTAAACACC,GTCCCCCCACTGTGTTTAGCA,CCTGTTGCACCAGGCCAGAT,CCTGTTGCACCAGGCCAGATTTTTCTGCTATGTCACTTCCCCTT,TCATCCATCCTATTTGTTCCTGAA,5.656809493
31,CCCATGTTTTCAGCATTATCAGAA,GTCCCCCCACTGTGTTTAGCATTTTACCCCACAAGATTTAAACACC,GTCCCCCCACTGTGTTTAGCA,CCTGTTGCACCAGGCCAGAT,CCTGTTGCACCAGGCCAGATTTTTCTGCTATGTCACTTCCCCTT,TTGTCATCCATCCTATTTGTTCCT,5.656809493
32,CCCATGTTTTCAGCATTATCAGAA,GTCCCCCCACTGTGTTTAGCATTTTACCCCACAAGATTTAAACACC,GTCCCCCCACTGTGTTTAGCA,CCTGTTGCACCAGGCCAGAT,CCTGTTGCACCAGGCCAGATTTTTCTGCTATGTCACTTCCCCTT,CTTGTCATCCATCCTATTTGTTCC,5.656809493
33,CCCATGTTTTCAGCATTATCAGAA,GTCCCCCCACTGTGTTTAGCATTTTACCCCACAAGATTTAAACACC,GTCCCCCCACTGTGTTTAGCA,CCTGTTGCACCAGGCCAGAT,CCTGTTGCACCAGGCCAGATTTTTCTGCTATGTCACTTCCCCTT,AGGTGGATTACTTGTCATCCA,5.656809493
34,CCCATGTTTTCAGCATTATCAGAA,GTCCCCCCACTGTGTTTAGCATTTTACCCCACAAGATTTAAACACC,GTCCCCCCACTGTGTTTAGCA,CCTGTTGCACCAGGCCAGAT,CCTGTTGCACCAGGCCAGATTTTTCTGCTATGTCACTTCCCCTT,TAGGTGGATTACTTGTCATCCA,5.656809493
35,CCCATGTTTTCAGCATTATCAGAA,GTCCCCCCACTGTGTTTAGCATTTTACCCCACAAGATTTAAACACC,GTCCCCCCACTGTGTTTAGCA,CCTGTTGCACCAGGCCAGAT,CCTGTTGCACCAGGCCAGATTTTTCTGCTATGTCACTTCCCCTT,GGGATAGGTGGATTACTTGTCA,5.656809493
36,CCCATGTTTTCAGCATTATCAGAA,GTCCCCCCACTGTGTTTAGCATTTTACCCCACAAGATTTAAACACC,GTCCCCCCACTGTGTTTAGCA,CCTGTTGCACCAGGCCAGAT,CCTGTTGCACCAGGCCAGATTTTTCTGCTATGTCACTTCCCCTT,TGGGATAGGTGGATTACTTGTC,5.656809493
37,CCCATGTTTTCAGCATTATCAGAA,GTCCCCCCACTGTGTTTAGCATTTTACCCCACAAGATTTAAACACC,GTCCCCCCACTGTGTTTAGCA,CCTGTTGCACCAGGCCAGAT,CCTGTTGCACCAGGCCAGATTTTTCTGCTATGTCACTTCCCCTT,CTGGGATAGGTGGATTACTTGTC,5.656809493
38,CCCATGTTTTCAGCATTATCAGAA,GTCCCCCCACTGTGTTTAGCATTTTACCCCACAAGATTTAAACACC,GTCCCCCCACTGTGTTTAGCA,CCTGTTGCACCAGGCCAGAT,CCTGTTGCACCAGGCCAGATTTTTCTGCTATGTCACTTCCCCTT,CTGGGATAGGTGGATTACTTGT,5.656809493
39,CCCATGTTTTCAGCATTATCAGAA,GTCCCCCCACTGTGTTTAGCATTTTACCCCACAAGATTTAAACACC,GTCCCCCCACTGTGTTTAGCA,CCTGTTGCACCAGGCCAGAT,CCTGTTGCACCAGGCCAGATTTTTCCTGCTATGTCACTTCCCCTT,TCCTGAAGGGTACTGGTAGT,5.656809493
40,CCCATGTTTTCAGCATTATCAGAA,GTCCCCCCACTGTGTTTAGCATTTTACCCCACAAGATTTAAACACC,GTCCCCCCACTGTGTTTAGCA,CCTGTTGCACCAGGCCAGAT,CCTGTTGCACCAGGCCAGATTTTTCCTGCTATGTCACTTCCCCTT,TTCCTGAAGGGTACTGGTAGT,5.656809493
41,CCCATGTTTTCAGCATTATCAGAA,GTCCCCCCACTGTGTTTAGCATTTTACCCCACAAGATTTAAACACC,GTCCCCCCACTGTGTTTAGCA,CCTGTTGCACCAGGCCAGAT,CCTGTTGCACCAGGCCAGATTTTTCCTGCTATGTCACTTCCCCTT,GTTCCTGAAGGGTACTGGTAG,5.656809493
42,CCCATGTTTTCAGCATTATCAGAA,GTCCCCCCACTGTGTTTAGCATTTTACCCCACAAGATTTAAACACC,GTCCCCCCACTGTGTTTAGCA,CCTGTTGCACCAGGCCAGAT,CCTGTTGCACCAGGCCAGATTTTTCCTGCTATGTCACTTCCCCTT,TGTTCCTGAAGGGTACTGGTA,5.656809493
43,CCCATGTTTTCAGCATTATCAGAA,GTCCCCCCACTGTGTTTAGCATTTTACCCCACAAGATTTAAACACC,GTCCCCCCACTGTGTTTAGCA,CCTGTTGCACCAGGCCAGAT,CCTGTTGCACCAGGCCAGATTTTTCCTGCTATGTCACTTCCCCTT,TGTTCCTGAAGGGTACTGGT,5.656809493
44,CCCATGTTTTCAGCATTATCAGAA,GTCCCCCCACTGTGTTTAGCATTTTACCCCACAAGATTTAAACACC,GTCCCCCCACTGTGTTTAGCA,CCTGTTGCACCAGGCCAGAT,CCTGTTGCACCAGGCCAGATTTTTCCTGCTATGTCACTTCCCCTT,CATCCTATTTGTTCCTGAAGGGTA,5.656809493
45,CCCATGTTTTCAGCATTATCAGAA,GTCCCCCCACTGTGTTTAGCATTTTACCCCACAAGATTTAAACACC,GTCCCCCCACTGTGTTTAGCA,CCTGTTGCACCAGGCCAGAT,CCTGTTGCACCAGGCCAGATTTTTCCTGCTATGTCACTTCCCCTT,CATCCTATTTGTTCCTGAAGGGT,5.656809493
46,CCCATGTTTTCAGCATTATCAGAA,GTCCCCCCACTGTGTTTAGCATTTTACCCCACAAGATTTAAACACC,GTCCCCCCACTGTGTTTAGCA,CCTGTTGCACCAGGCCAGAT,CCTGTTGCACCAGGCCAGATTTTTCCTGCTATGTCACTTCCCCTT,CCATCCTATTTGTTCCTGAAGGG,5.656809493
47,CCCATGTTTTCAGCATTATCAGAA,GTCCCCCCACTGTGTTTAGCATTTTACCCCACAAGATTTAAACACC,GTCCCCCCACTGTGTTTAGCA,CCTGTTGCACCAGGCCAGAT,CCTGTTGCACCAGGCCAGATTTTTCCTGCTATGTCACTTCCCCTT,TCCATCCTATTTGTTCCTGAAGGG,5.656809493
48,CCCATGTTTTCAGCATTATCAGAA,GTCCCCCCACTGTGTTTAGCATTTTACCCCACAAGATTTAAACACC,GTCCCCCCACTGTGTTTAGCA,CCTGTTGCACCAGGCCAGAT,CCTGTTGCACCAGGCCAGATTTTTCCTGCTATGTCACTTCCCCTT,CATCCATCCTATTTGTTCCTGAAG,5.656809493
49,CCCATGTTTTCAGCATTATCAGAA,GTCCCCCCACTGTGTTTAGCATTTTACCCCACAAGATTTAAACACC,GTCCCCCCACTGTGTTTAGCA,CCTGTTGCACCAGGCCAGAT,CCTGTTGCACCAGGCCAGATTTTTCCTGCTATGTCACTTCCCCTT,TCATCCATCCTATTTGTTCCTGAA,5.656809493
50,CCCATGTTTTCAGCATTATCAGAA,GTCCCCCCACTGTGTTTAGCATTTTACCCCACAAGATTTAAACACC,GTCCCCCCACTGTGTTTAGCA,CCTGTTGCACCAGGCCAGAT,CCTGTTGCACCAGGCCAGATTTTTCCTGCTATGTCACTTCCCCTT,TTGTCATCCATCCTATTTGTTCCT,5.656809493
